{"Total T": 1002, "Episode Num": 2, "Episode T": 501, "Reward": -158.97144948718744, "_timestamp": 1668976554.0997772, "_runtime": 1407.886565208435, "_step": 1}